Arm,Attempts,Rewards,Probability Estimate
0,500.0,55.0,0.11
1,492.0,153.0,0.31097560975609756
2,497.0,245.0,0.49295774647887325
3,18511.0,14878.0,0.8037383177570093
